,alpha,rmse,mae
0,40,-2.288014132789204,-1.8751056445723249
